Title,Date,Venue,Link
Domingo Latino - Quarter Street,2024-02-11,The Night Cat,https://www.moshtix.com.au/v2/event/domingo-latino-quarter-street/161540
Man Crave,2024-02-11,The Workers Club,https://tickets.oztix.com.au/outlet/event/d63470b5-255c-457a-bfcf-e39110f42765?utm_source=Oztix&utm_medium=Website&utm_content=search&utm_term=The Workers Club
"DESILVA, BOO MOJO &  ZALINA ~ SUNDAYS AT KINDRED",2024-02-11,Kindred Bandroom,https://www.moshtix.com.au/v2/event/desilva-boo-mojo-zalina-sundays-at-kindred/161043
Solarmates presents: LOVE ALWAYS,2024-02-11,Miscellania,https://events.humanitix.com/solarmates-presents-love-always-9b6lttfj
"BIG CITY LIGHTS, 2024 ft. GUY J , NICOLAS RADA & more",2024-02-11,Northcote Theatre,https://www.moshtix.com.au/v2/event/big-city-lights-2024-ft-guy-j-nicolas-rada-more/159825
Northlane,2024-02-11,Forum Melbourne,/shows/show.aspx?sh=NORTHLA24&v=FRM
DOMi & JD BECK,2024-02-11,Corner Hotel,https://tickets.oztix.com.au/outlet/event/a1974ab5-2559-4261-8c6c-593e5bfbf3d3?utm_source=Oztix&utm_medium=Website&utm_content=search&utm_term=Corner Hotel
Nieuw Mondays,2024-02-12,The Workers Club,https://tickets.oztix.com.au/outlet/event/2a217218-b747-464b-9957-c1a1d73ed470?utm_source=Oztix&utm_medium=Website&utm_content=search&utm_term=The Workers Club
"‚ÄòSocial Sanctuary‚Äô with TILE, Grand Pine + Grass Stains (Turning Agency 5th Bday show)",2024-02-12,Northcote Social Club,https://tickets.northcotesocialclub.com/outlet/event/c40e0da0-d594-484d-8da0-401c8382a2ef?utm_source=Oztix&utm_medium=Website&utm_content=search&utm_term=Northcote Social Club
Charley Crockett,2024-02-12,Forum Melbourne,/shows/show.aspx?sh=CROCKETT24&v=FRM
NOW.HERE.THIS. LIVE JAZZ,2024-02-13,The Toff in Town,https://www.moshtix.com.au/v2/event/now-here-this-live-jazz/161874
K.FLAY - MONO IN STEREO TOUR,2024-02-13,Corner Hotel,https://tickets.cornerhotel.com/outlet/event/3c883dcc-7fc9-4c65-8ee6-2d552d72403c?utm_source=Oztix&utm_medium=Website&utm_content=search&utm_term=Corner Hotel
In Flames & Kreator,2024-02-14,Forum Melbourne,/shows/show.aspx?sh=INFLAMES24&v=FRM
WEST COAST WEDNESDAYS,2024-02-14,The Toff in Town,https://www.moshtix.com.au/v2/event/west-coast-wednesdays/161560
The Wedding Singer (Film Screening),2024-02-14,Northcote Social Club,https://tickets.northcotesocialclub.com/outlet/event/3855c4b6-e634-4347-80f1-46198c99e336?utm_source=Oztix&utm_medium=Website&utm_content=search&utm_term=Northcote Social Club
LANDMVRKS (FR) Exclusive Melbourne Headline Show,2024-02-14,The Workers Club,https://tickets.oztix.com.au/outlet/event/2b7067de-508d-4a36-8eba-ebe1277e01b8?utm_source=Oztix&utm_medium=Website&utm_content=search&utm_term=The Workers Club
JAZZ AND JAFFLES,2024-02-15,The Toff in Town,https://www.moshtix.com.au/v2/event/jazz-and-jaffles/161870
Private Function's Australia / New Zealand Tour,2024-02-15,The Night Cat,https://www.moshtix.com.au/v2/event/private-functions-australia-new-zealand-tour/160340
FLOW MOTION,2024-02-15,Kindred Bandroom,https://www.moshtix.com.au/v2/event/flow-motion/161583
Sci Fight Comedy Debate: Natural Selection is Over,2024-02-15,Howler,https://www.moshtix.com.au/v2/event/sci-fight-comedy-debate-natural-selection-is-over/161438
The Eras Warm Up Party - Melbourne,2024-02-15,Max Watt's Melbourne,https://tickets.oztix.com.au/outlet/event/51ecc0d3-c894-4d05-b79e-4178bfabbdb6?utm_source=Oztix&utm_medium=Website&utm_content=search&utm_term=Max Watt's Melbourne
TAB Family (WA) - 'Family Affair‚Äô Tour,2024-02-15,The Workers Club,https://tickets.oztix.com.au/outlet/event/d02f2cf2-9272-459f-aa66-5b0cd2111e53?utm_source=Oztix&utm_medium=Website&utm_content=search&utm_term=The Workers Club
Cosmo's Midnight Presents Cosmo's Clubnight,2024-02-15,Gasometer Downstairs,https://tickets.oztix.com.au/outlet/event/f57314dc-6edc-4943-9abd-27a7a80150f0?utm_source=Oztix&utm_medium=Website&utm_content=search&utm_term=Gasometer Downstairs
King Raam Live in Melbourne,2024-02-16,Gasometer Downstairs,https://tickets.oztix.com.au/outlet/event/5883e63a-f2f4-49aa-bca9-fea6ce34eb4b?utm_source=Oztix&utm_medium=Website&utm_content=search&utm_term=Gasometer Downstairs
Parsnip,2024-02-16,Northcote Social Club,https://tickets.northcotesocialclub.com/outlet/event/dee7b672-8a00-4116-8fef-63ae9f1df0c8?utm_source=Oztix&utm_medium=Website&utm_content=search&utm_term=Northcote Social Club
HYPER TOFF,2024-02-16,The Toff in Town,https://www.moshtix.com.au/v2/event/hyper-toff/161876
Gabriele Poso (Live),2024-02-16,The Night Cat,https://www.moshtix.com.au/v2/event/gabriele-poso-live/161091
Huskees,2024-02-16,The Workers Club,https://tickets.oztix.com.au/outlet/event/bd0962f2-9e9f-4971-9f04-8571f4ef79ef?utm_source=Oztix&utm_medium=Website&utm_content=search&utm_term=The Workers Club
The Eras Afterparty Friday ‚Äì Melbourne,2024-02-16,Max Watt's Melbourne,https://tickets.oztix.com.au/outlet/event/22516eba-0ea6-4942-b982-614cac62bb87?utm_source=Oztix&utm_medium=Website&utm_content=search&utm_term=Max Watt's Melbourne
Send/Return ~ Hannah D and Bex All Night Long,2024-02-16,Miscellania,https://events.humanitix.com/send-return-hannah-d-and-bex-all-night-long
SONIC ASSAULT AT KINDRED BANDROOM,2024-02-16,Kindred Bandroom,https://www.moshtix.com.au/v2/event/sonic-assault-at-kindred-bandroom/161439
DINOSAUR JR. (USA) - 30 Years of Where You Been,2024-02-16,Northcote Theatre,https://www.moshtix.com.au/v2/event/dinosaur-jr-usa-30-years-of-where-you-been/160565
No Cigar (NZ),2024-02-16,Corner Hotel,https://tickets.cornerhotel.com/outlet/event/b083fba1-95d4-4b43-8b42-32555b2a8813?utm_source=Oztix&utm_medium=Website&utm_content=search&utm_term=Corner Hotel
Matinee: Nebulam,2024-02-17,The Workers Club,https://tickets.oztix.com.au/outlet/event/18c284f0-f8c9-4183-b6b2-869444290457?utm_source=Oztix&utm_medium=Website&utm_content=search&utm_term=The Workers Club
PHOENIX BURLESQUE SHOW,2024-02-17,Kindred Bandroom,https://www.moshtix.com.au/v2/event/phoenix-burlesque-show/158712
DAZED ‚ú¶ HDT012,2024-02-17,The Toff in Town,https://www.moshtix.com.au/v2/event/dazed-‚ú¶-hdt012/161810
Official Asteria+ Outdoors Afterparty Featuring Dimitri K,2024-02-17,The Night Cat,https://www.moshtix.com.au/v2/event/official-asteria-outdoors-afterparty-featuring-dimitri-k/161835
ULTRA: ùíüùìáùëíùí∂ùìÇ ùêºùêº,2024-02-17,Miscellania,https://events.humanitix.com/ultra
DINOSAUR JR. (USA) - 30 Years of Where You Been - 2ND SHOW,2024-02-17,Northcote Theatre,https://www.moshtix.com.au/v2/event/dinosaur-jr-usa-30-years-of-where-you-been-2nd-show/161646
The Moving Stills (Wabi Sabi Album Tour),2024-02-17,Northcote Social Club,https://tickets.northcotesocialclub.com/outlet/event/04b07eb9-beb7-4e38-97cd-3608310d3f92?utm_source=Oztix&utm_medium=Website&utm_content=search&utm_term=Northcote Social Club
The Eras Afterparty Saturday ‚Äì Melbourne,2024-02-17,Max Watt's Melbourne,https://tickets.oztix.com.au/outlet/event/51200e86-4bd8-4f82-9a0a-7d81b9462579?utm_source=Oztix&utm_medium=Website&utm_content=search&utm_term=Max Watt's Melbourne
BDK 3 X Music For Max,2024-02-17,Gasometer Downstairs,https://tickets.oztix.com.au/outlet/event/938afa86-8f19-4908-81c6-7654da228c48?utm_source=Oztix&utm_medium=Website&utm_content=search&utm_term=Gasometer Downstairs
HARDGREWV x EVOQ (FREE EVENT),2024-02-17,Howler,https://www.moshtix.com.au/v2/event/hardgrewv-x-evoq-free-event/162002
BUNGALOW SOUNDSYSTEM ~ SUNDAYS AT KINDRED,2024-02-18,Kindred Bandroom,https://www.moshtix.com.au/v2/event/bungalow-soundsystem-sundays-at-kindred/161609
Domingo Latino - La 45,2024-02-18,The Night Cat,https://www.moshtix.com.au/v2/event/domingo-latino-la-45/161542
"LUNA #19 w/ ISAbella, Angel D‚ÄôLite b2b DJ Sweet6teen, Baraka (Live) & more",2024-02-18,Gasometer Downstairs,https://tickets.oztix.com.au/outlet/event/e896b29f-6634-4171-9757-81e24f4734f9?utm_source=Oztix&utm_medium=Website&utm_content=search&utm_term=Gasometer Downstairs
EMMURE Australian Tour 2024,2024-02-18,Max Watt's Melbourne,https://tickets.oztix.com.au/outlet/event/ded536d5-6d01-4dd4-bdb0-fcbfcc10cff8?utm_source=Oztix&utm_medium=Website&utm_content=search&utm_term=Max Watt's Melbourne
Matinee: Skabhangers,2024-02-18,The Workers Club,https://tickets.oztix.com.au/outlet/event/e8596c90-b493-4ebe-b6e2-16ecc2b0fcef?utm_source=Oztix&utm_medium=Website&utm_content=search&utm_term=The Workers Club
The Soggy Pockets @ The Gaso,2024-02-18,Gasometer (Upstairs),https://tickets.oztix.com.au/outlet/event/46711cb7-a0c7-4b3a-956f-dc938349e170?utm_source=Oztix&utm_medium=Website&utm_content=search&utm_term=Gasometer (Upstairs)
HIGH TIMES,2024-02-18,Northcote Theatre,https://www.moshtix.com.au/v2/event/high-times/162403
Love Project,2024-02-18,Miscellania,https://events.humanitix.com/love-project
‚ÄòNorthcote Rise Festival‚Äô with CLAMM + Mulalo + Scott & Charlene‚Äôs Wedding + Rot TV + Free Speakers,2024-02-18,Northcote Social Club,https://tickets.northcotesocialclub.com/outlet/event/705c691a-ea95-49b5-a3e2-576fc61d0a07?utm_source=Oztix&utm_medium=Website&utm_content=search&utm_term=Northcote Social Club
Royel Otis | Pratts & Pain Australian Tour 2024,2024-02-18,Corner Hotel,https://tickets.cornerhotel.com/outlet/event/8efd7b0a-55cc-4ffb-9a0a-4be5f1aabf1c?utm_source=Oztix&utm_medium=Website&utm_content=search&utm_term=Corner Hotel
The Butterfly Effect,2024-02-18,Forum Melbourne,/shows/show.aspx?sh=BUTTERFL24&v=FRM
"‚ÄòSocial Sanctuary‚Äô 1st Birthday Show with The Vovos, Rhysics + Leo",2024-02-19,Northcote Social Club,https://tickets.northcotesocialclub.com/outlet/event/8ba0d093-642a-46b7-9cfd-e3158b1d0211?utm_source=Oztix&utm_medium=Website&utm_content=search&utm_term=Northcote Social Club
Nieuw Mondays,2024-02-19,The Workers Club,https://tickets.oztix.com.au/outlet/event/8ad91c83-c2ab-420a-8d4c-0c8c2bd7c663?utm_source=Oztix&utm_medium=Website&utm_content=search&utm_term=The Workers Club
Royel Otis | Pratts & Pain Australian Tour 2024,2024-02-19,Corner Hotel,https://tickets.cornerhotel.com/outlet/event/f3ba39ce-876a-4e65-86b2-7c8720fbd4e0?utm_source=Oztix&utm_medium=Website&utm_content=search&utm_term=Corner Hotel
Mogwai,2024-02-19,Forum Melbourne,/shows/show.aspx?sh=MOGWAI24&v=FRM
Greentea Peng,2024-02-20,Forum Melbourne,/shows/show.aspx?sh=GREENTEA24&v=FRM
Blanco White (UK),2024-02-20,The Night Cat,https://www.moshtix.com.au/v2/event/blanco-white-uk/157336
Sports Bizarre Podcast with Titus O‚ÄôReily & Mick Molloy,2024-02-20,Corner Hotel,https://tickets.cornerhotel.com/outlet/event/fb772e1b-2a39-4dbd-ab61-7e8e89c42847?utm_source=Oztix&utm_medium=Website&utm_content=search&utm_term=Corner Hotel
NOW.HERE.THIS. LIVE JAZZ,2024-02-20,The Toff in Town,https://www.moshtix.com.au/v2/event/now-here-this-live-jazz/161842
Cavetown,2024-02-21,Forum Melbourne,/shows/show.aspx?sh=CAVETOWN24&v=FRM
Nerd Nite #54,2024-02-21,Howler,https://www.moshtix.com.au/v2/event/nerd-nite-54/161611
Royel Otis | Pratts & Pain Australian Tour 2024,2024-02-21,Corner Hotel,https://tickets.cornerhotel.com/outlet/event/2287ead0-a776-4527-823c-c7c2653973b2?utm_source=Oztix&utm_medium=Website&utm_content=search&utm_term=Corner Hotel
Atreyu,2024-02-21,Max Watt's Melbourne,https://tickets.oztix.com.au/outlet/event/2ad67efb-f146-4678-914f-7ce3d784fb06?utm_source=Oztix&utm_medium=Website&utm_content=search&utm_term=Max Watt's Melbourne
WEST COAST WEDNESDAYS,2024-02-21,The Toff in Town,https://www.moshtix.com.au/v2/event/west-coast-wednesdays/161873
JAZZ AND JAFFLES,2024-02-22,The Toff in Town,https://www.moshtix.com.au/v2/event/jazz-and-jaffles/161871
Todd Rundgren (USA),2024-02-22,Corner Hotel,https://tickets.cornerhotel.com/outlet/event/04fdf06f-9a46-493d-a970-14564d42f6e4?utm_source=Oztix&utm_medium=Website&utm_content=search&utm_term=Corner Hotel
The Pharcyde (USA),2024-02-22,The Night Cat,https://www.moshtix.com.au/v2/event/the-pharcyde-usa/161331
Kings of Convenience,2024-02-22,Forum Melbourne,/shows/show.aspx?sh=KINGSOFC24&v=FRM
Wax Mustang (NZ),2024-02-22,The Workers Club,https://tickets.oztix.com.au/outlet/event/a405c6de-95a6-4fdc-a749-c368fe4b161d?utm_source=Oztix&utm_medium=Website&utm_content=search&utm_term=The Workers Club
FERGUS JAMES,2024-02-22,Gasometer Downstairs,https://tickets.oztix.com.au/outlet/event/54962aa8-cd01-49a3-a9e6-926cc97ab818?utm_source=Oztix&utm_medium=Website&utm_content=search&utm_term=Gasometer Downstairs
Haiku Hands 'Pleasure Beast' Tour,2024-02-22,Max Watt's Melbourne,https://tickets.oztix.com.au/outlet/event/a8ba2952-5677-420b-8b51-5b1cd40e5bbf?utm_source=Oztix&utm_medium=Website&utm_content=search&utm_term=Max Watt's Melbourne
FUN LOVIN' CRIMINALS (USA),2024-02-22,Northcote Theatre,https://www.moshtix.com.au/v2/event/fun-lovin-criminals-usa/158413
Disco Brut > Noneless / R.Rebeiro / Ov Pain / Teeth Dreams,2024-02-22,Miscellania,https://events.humanitix.com/disco-brut-a2rwlj7n
Georgia Gets By,2024-02-23,Northcote Social Club,https://tickets.northcotesocialclub.com/outlet/event/a64a936e-cf27-46ae-a89d-9282cc6f3c87?utm_source=Oztix&utm_medium=Website&utm_content=search&utm_term=Northcote Social Club
Grace Cummings,2024-02-23,The Night Cat,https://www.moshtix.com.au/v2/event/grace-cummings/161618
The Chats - Bargain Bin Tour 2024,2024-02-23,Northcote Theatre,https://www.moshtix.com.au/v2/event/the-chats-bargain-bin-tour-2024/159122
HYPER TOFF,2024-02-23,The Toff in Town,https://www.moshtix.com.au/v2/event/hyper-toff/161877
Memphis LK - True Love Rave,2024-02-23,Gasometer Downstairs,https://tickets.oztix.com.au/outlet/event/ab5b009a-4416-4e33-986c-5fd48e086d6f?utm_source=Oztix&utm_medium=Website&utm_content=search&utm_term=Gasometer Downstairs
JACK LADDER & THE DREAMLANDERS ‚Äì ‚ÄúThe Return Of The Dreamlanders‚Äù,2024-02-23,Howler,https://www.moshtix.com.au/v2/event/jack-ladder-the-dreamlanders-‚Äì-‚Äúthe-return-of-the-dreamlanders‚Äù/157699
Crossfaith (JPN) Australian Tour 2024,2024-02-23,Croxton Bandroom,https://tickets.oztix.com.au/outlet/event/e02237cb-6111-4974-b2ac-67f1b3f9e6df?utm_source=Oztix&utm_medium=Website&utm_content=search&utm_term=Croxton Bandroom
THE SMYTHS (UK) play THE SMITHS The Queen Is Dead,2024-02-23,Max Watt's Melbourne,https://tickets.oztix.com.au/outlet/event/30c48b0f-ba32-4966-b991-2bd9ab14d64a?utm_source=Oztix&utm_medium=Website&utm_content=search&utm_term=Max Watt's Melbourne
Tay Oskee ‚Äì ‚ÄòKeepers Of The Morning‚Äô Australian Tour | MELBOURNE,2024-02-23,The Workers Club,https://tickets.oztix.com.au/outlet/event/845771ef-179a-41c5-9e8d-b0eefd54d0e6?utm_source=Oztix&utm_medium=Website&utm_content=search&utm_term=The Workers Club
CYBER x RUDE BABY,2024-02-23,Miscellania,https://events.humanitix.com/cyber-x-rude-baby
EuroDonk,2024-02-24,Miscellania,https://events.humanitix.com/eurodonk
"Harrison Storm - Wonder, Won‚Äôt You? Aus Tour",2024-02-24,Howler,https://www.moshtix.com.au/v2/event/harrison-storm-wonder-won‚Äôt-you-aus-tour/158392
D.R.I. - 40th Anniversary Tour,2024-02-24,Max Watt's Melbourne,https://tickets.oztix.com.au/outlet/event/105d095a-c3c4-4f8f-b652-776163b601d5?utm_source=Oztix&utm_medium=Website&utm_content=search&utm_term=Max Watt's Melbourne
Matinee: 'Death by Prog' ft. Verona Lights,2024-02-24,The Workers Club,https://tickets.oztix.com.au/outlet/event/456a6152-4cd8-484d-985d-a289f48a770b?utm_source=Oztix&utm_medium=Website&utm_content=search&utm_term=The Workers Club
The Dead South,2024-02-24,Forum Melbourne,/shows/show.aspx?sh=DEADSOUT24&v=FRM
FIESTA WEEKENDER | Johnston St Fiesta After Party,2024-02-24,The Night Cat,https://www.moshtix.com.au/v2/event/fiesta-weekender-johnston-st-fiesta-after-party/162084
THE SILVERSOUND WITH RAY PEREIRA & ROBBIE BELCHAMBER,2024-02-24,Kindred Bandroom,https://www.moshtix.com.au/v2/event/the-silversound-with-ray-pereira-robbie-belchamber/162134
SALTARE,2024-02-24,The Toff in Town,https://www.moshtix.com.au/v2/event/saltare/161604
The Wreckery + Halfway,2024-02-24,Northcote Social Club,https://tickets.northcotesocialclub.com/outlet/event/f1b00122-0f78-4d2f-9fdd-35e738816ea1?utm_source=Oztix&utm_medium=Website&utm_content=search&utm_term=Northcote Social Club
Even Flow: The Australian Pearl Jam Tribute Show,2024-02-24,Corner Hotel,https://tickets.cornerhotel.com/outlet/event/d6c096b8-60a9-4224-a27c-92b3920c313c?utm_source=Oztix&utm_medium=Website&utm_content=search&utm_term=Corner Hotel
"CLOCKWORK ORANGE MELBOURNE ft PAUL OAKENFOLD, FAT TONY + MORE",2024-02-25,Northcote Theatre,https://www.moshtix.com.au/v2/event/clockwork-orange-melbourne-ft-paul-oakenfold-fat-tony-more/160172
RAW Comedy 2024 - Heat #7 - MATINEE,2024-02-25,Howler,https://www.moshtix.com.au/v2/event/raw-comedy-2024-heat-7-matinee/160496
GAG HAIRDRESSING PRESENTS 'JUST THE TIP',2024-02-25,Miscellania,https://events.humanitix.com/gag-hairdressing-presents-just-the-tip
OF MICE & MEN (USA),2024-02-25,170 Russell,https://www.moshtix.com.au/v2/event/of-mice-men-usa/159702
Ashley Naylor Spaceship,2024-02-25,Northcote Social Club,https://tickets.northcotesocialclub.com/outlet/event/040f3b33-4a27-4a8a-b726-105293c6e631?utm_source=Oztix&utm_medium=Website&utm_content=search&utm_term=Northcote Social Club
Ashes To Ashes - David Bowie Experience,2024-02-25,Corner Hotel,https://tickets.cornerhotel.com/outlet/event/3495cd02-dd64-408f-9318-1b9cd25f78e9?utm_source=Oztix&utm_medium=Website&utm_content=search&utm_term=Corner Hotel
"‚ÄòSocial Sanctuary‚Äô with FRENZEE (GR), Spunk + Speccy",2024-02-26,Northcote Social Club,https://tickets.northcotesocialclub.com/outlet/event/5ea5fd58-8b30-4b17-ba92-64479b6d62a5?utm_source=Oztix&utm_medium=Website&utm_content=search&utm_term=Northcote Social Club
Nieuw Mondays,2024-02-26,The Workers Club,https://tickets.oztix.com.au/outlet/event/575ce146-6bb7-4650-89ad-9eeba7de5862?utm_source=Oztix&utm_medium=Website&utm_content=search&utm_term=The Workers Club
Haru Nemuri (JP) Australian Tour,2024-02-27,The Workers Club,https://tickets.oztix.com.au/outlet/event/f6bab13c-e467-4717-a27f-ffa614ce6f34?utm_source=Oztix&utm_medium=Website&utm_content=search&utm_term=The Workers Club
Sports Bizarre Podcast with Titus O‚ÄôReily & Mick Molloy,2024-02-27,Corner Hotel,https://tickets.cornerhotel.com/outlet/event/9b5c6a05-4cd0-4dd4-95c8-8149f5b6d57a?utm_source=Oztix&utm_medium=Website&utm_content=search&utm_term=Corner Hotel
The Veils (NZ/UK),2024-02-28,Northcote Social Club,https://tickets.northcotesocialclub.com/outlet/event/e9c30774-778d-4f80-81b5-78b8a3ba92f2?utm_source=Oztix&utm_medium=Website&utm_content=search&utm_term=Northcote Social Club
Mr Bruce (formally of The Correspondents) + guests,2024-02-28,Gasometer Downstairs,https://tickets.oztix.com.au/outlet/event/6cb76e7e-001e-423f-bb73-623aa40a3d1b?utm_source=Oztix&utm_medium=Website&utm_content=search&utm_term=Gasometer Downstairs
JAZZ AND JAFFLES,2024-02-28,The Toff in Town,https://www.moshtix.com.au/v2/event/jazz-and-jaffles/161872
FLOW MOTION,2024-02-28,Kindred Bandroom,https://www.moshtix.com.au/v2/event/flow-motion/162192
ARCHIE,2024-02-28,Gasometer (Upstairs),https://tickets.oztix.com.au/outlet/event/09a5511b-3fc8-4a07-bd24-66ed8fb7c543?utm_source=Oztix&utm_medium=Website&utm_content=search&utm_term=Gasometer (Upstairs)
Generation Women - It's Funny You Ask: Stories of Life's Most Hilarious Moments,2024-02-29,Howler,https://www.moshtix.com.au/v2/event/generation-women-its-funny-you-ask-stories-of-lifes-most-hilarious-moments/160386
Hot Mulligan 'Why Would I Watch' Aus Tour 2024,2024-02-29,Croxton Bandroom,https://tickets.oztix.com.au/outlet/event/3bfe1d33-b549-4928-9ffb-0f85d4e8efe9?utm_source=Oztix&utm_medium=Website&utm_content=search&utm_term=Croxton Bandroom
Shonen Knife (In Their Best Place Tour),2024-02-29,Corner Hotel,https://tickets.cornerhotel.com/outlet/event/5ec1f6e8-1433-4e6f-bcf8-97b8b753f254?utm_source=Oztix&utm_medium=Website&utm_content=search&utm_term=Corner Hotel
The Struts,2024-02-29,Max Watt's Melbourne,https://tickets.oztix.com.au/outlet/event/8b3c148b-1224-4800-86b0-d25e3b4149c4?utm_source=Oztix&utm_medium=Website&utm_content=search&utm_term=Max Watt's Melbourne
Animalia x Vortex,2024-03-01,Miscellania,https://events.humanitix.com/animalia-x-vortex-ap88f57x
Husa & Zeyada live,2024-03-01,Howler,https://www.moshtix.com.au/v2/event/husa-zeyada-live/161721
HYPER TOFF,2024-03-01,The Toff in Town,https://www.moshtix.com.au/v2/event/hyper-toff/161884
Ruby Jones 'Feeling of Falling' Single Launch,2024-03-01,Gasometer (Upstairs),https://tickets.oztix.com.au/outlet/event/012c80d3-c25e-40a5-ab3a-020b9a43f702?utm_source=Oztix&utm_medium=Website&utm_content=search&utm_term=Gasometer (Upstairs)
"Good Times with Norman Jay MBE, Roni Size and DJ Nu-Mark",2024-03-01,The Night Cat,https://www.moshtix.com.au/v2/event/good-times-with-norman-jay-mbe-roni-size-and-dj-nu-mark/161801
MADison Daniel (Single Launch),2024-03-01,The Workers Club,https://tickets.oztix.com.au/outlet/event/f35f2430-ef39-45ce-bfc2-42c8b937bb73?utm_source=Oztix&utm_medium=Website&utm_content=search&utm_term=The Workers Club
MIDNIGHT (U.S.A),2024-03-01,Max Watt's Melbourne,https://tickets.oztix.com.au/outlet/event/e6a54b21-c2f7-48c6-b37a-fc2bfc5ab7c1?utm_source=Oztix&utm_medium=Website&utm_content=search&utm_term=Max Watt's Melbourne
Boo Seeka (Midnight Highlight Album Tour 2024),2024-03-01,Corner Hotel,https://tickets.cornerhotel.com/outlet/event/dbb39497-653d-487b-a287-85278e54153f?utm_source=Oztix&utm_medium=Website&utm_content=search&utm_term=Corner Hotel
COG - The Vinyl Tour 2024,2024-03-01,Northcote Theatre,https://www.moshtix.com.au/v2/event/cog-the-vinyl-tour-2024/159753
Bones and Jones USA Send-off!,2024-03-01,Northcote Social Club,https://tickets.northcotesocialclub.com/outlet/event/5e107192-d5df-4aad-91d3-02e7daef734b?utm_source=Oztix&utm_medium=Website&utm_content=search&utm_term=Northcote Social Club
Pop Will Eat Itself (PWEI),2024-03-02,Croxton Bandroom,https://tickets.oztix.com.au/outlet/event/28c76325-f3a6-40f0-89f5-85746f8f4b46?utm_source=Oztix&utm_medium=Website&utm_content=search&utm_term=Croxton Bandroom
Verbrasco (Single Launch & Fundraiser),2024-03-02,The Workers Club,https://tickets.oztix.com.au/outlet/event/013fe7a5-2f12-45ab-8a76-33ff856b9d96?utm_source=Oztix&utm_medium=Website&utm_content=search&utm_term=The Workers Club
When Chai Met Toast (IND),2024-03-02,Corner Hotel,https://tickets.cornerhotel.com/outlet/event/8942d70e-f4d4-4e2d-9bbe-db56116f437d?utm_source=Oztix&utm_medium=Website&utm_content=search&utm_term=Corner Hotel
Dave Graney & Clare Moore (single launch),2024-03-02,Northcote Social Club,https://tickets.northcotesocialclub.com/outlet/event/0649b86e-f550-45bd-8066-1e8bbd9e81ca?utm_source=Oztix&utm_medium=Website&utm_content=search&utm_term=Northcote Social Club
Royale With Cheese - The Ultimate 90's Rock Show,2024-03-02,Max Watt's Melbourne,https://tickets.oztix.com.au/outlet/event/3b3d9bfd-f4de-463e-9ff2-9dd52f3f1182?utm_source=Oztix&utm_medium=Website&utm_content=search&utm_term=Max Watt's Melbourne
Firepower album launch,2024-03-02,Gasometer (Upstairs),https://tickets.oztix.com.au/outlet/event/52f7b0d4-e73a-460e-8f7d-14c93715d3c6?utm_source=Oztix&utm_medium=Website&utm_content=search&utm_term=Gasometer (Upstairs)
SUPER CONCERT - SERGIO VARGAS (DOM) & OSVALDO ROMAN (USA),2024-03-02,Northcote Theatre,https://www.moshtix.com.au/v2/event/super-concert-sergio-vargas-dom-osvaldo-roman-usa/159290
HighSchool,2024-03-02,The Night Cat,https://www.moshtix.com.au/v2/event/highschool/161898
The Midnight,2024-03-02,Forum Melbourne,/shows/show.aspx?sh=THEMIDNI24&v=FRM
Chen Hongyu 2024 Australia Tour Melbourne,2024-03-03,Max Watt's Melbourne,https://tickets.oztix.com.au/outlet/event/472c0593-d334-4e90-b224-4fd6855a7d96?utm_source=Oztix&utm_medium=Website&utm_content=search&utm_term=Max Watt's Melbourne
RAW COMEDY 2024 MELBOURNE - HEAT #8,2024-03-03,Kindred Bandroom,https://www.moshtix.com.au/v2/event/raw-comedy-2024-melbourne-heat-8/162066
The Band CAMINO (USA),2024-03-03,170 Russell,https://www.moshtix.com.au/v2/event/the-band-camino-usa/159867
RON TRENT (Chicago),2024-03-03,Northcote Theatre,https://www.moshtix.com.au/v2/event/ron-trent-chicago/162164
Martians of Error,2024-03-03,The Workers Club,https://tickets.oztix.com.au/outlet/event/17a00266-4aea-428f-bddc-103815a3c1c5?utm_source=Oztix&utm_medium=Website&utm_content=search&utm_term=The Workers Club
Hot Mulligan (USA - ‚ÄòWhy Would I Watch' Aus Tour 2024),2024-03-03,Corner Hotel,https://tickets.cornerhotel.com/outlet/event/74b2082e-5148-40e0-a1a8-d22ef91db885?utm_source=Oztix&utm_medium=Website&utm_content=search&utm_term=Corner Hotel
Deuce ft. Kia,2024-03-03,Gasometer Downstairs,https://tickets.oztix.com.au/outlet/event/0bb918db-65b8-4ba5-99ec-63945a711fb2?utm_source=Oztix&utm_medium=Website&utm_content=search&utm_term=Gasometer Downstairs
Nieuw Mondays,2024-03-04,The Workers Club,https://tickets.oztix.com.au/outlet/event/a3af7f3f-db99-42a1-8cf1-a8c4079abe65?utm_source=Oztix&utm_medium=Website&utm_content=search&utm_term=The Workers Club
MJ Lenderman & The Wind,2024-03-05,Howler,https://www.moshtix.com.au/v2/event/mj-lenderman-the-wind/159449
Thee Sacred Souls (USA) - SOLD OUT,2024-03-05,The Night Cat,https://www.moshtix.com.au/v2/event/thee-sacred-souls-usa-sold-out/160173
CYMANDE (UK),2024-03-05,Northcote Theatre,https://www.moshtix.com.au/v2/event/cymande-uk/158556
Ben Camden,2024-03-06,Gasometer (Upstairs),https://tickets.oztix.com.au/outlet/event/6cd9ca44-edd7-49c8-aa7a-92d8f532d3e1?utm_source=Oztix&utm_medium=Website&utm_content=search&utm_term=Gasometer (Upstairs)
Yussef Dayes,2024-03-06,Forum Melbourne,/shows/show.aspx?sh=YUSSEFDA24&v=FRM
IZZY 'The Fresh Face of Pop-Soul Sensation' Single Launch,2024-03-06,The Toff in Town,https://www.moshtix.com.au/v2/event/izzy-the-fresh-face-of-pop-soul-sensation-single-launch/162196
GYM CLASS HEROES,2024-03-06,Northcote Theatre,https://www.moshtix.com.au/v2/event/gym-class-heroes/161855
The Beths ‚Äì Australia 2024,2024-03-06,Corner Hotel,https://tickets.cornerhotel.com/outlet/event/4c079035-5062-4da5-8a4f-67a35f3baf26?utm_source=Oztix&utm_medium=Website&utm_content=search&utm_term=Corner Hotel
Thee Sacred Souls - NEW SHOW ADDED,2024-03-06,The Night Cat,https://www.moshtix.com.au/v2/event/thee-sacred-souls-new-show-added/160174
RAW Comedy 2024 - Vic Semi Final #1,2024-03-07,Howler,https://www.moshtix.com.au/v2/event/raw-comedy-2024-vic-semi-final-1/160497
Ransom Revue,2024-03-07,Gasometer (Upstairs),https://tickets.oztix.com.au/outlet/event/38e85035-fa7a-4f92-a6d8-f847f77c5d07?utm_source=Oztix&utm_medium=Website&utm_content=search&utm_term=Gasometer (Upstairs)
The Crystal Method,2024-03-07,Max Watt's Melbourne,https://tickets.oztix.com.au/outlet/event/3618e967-f3f8-42c4-91b5-87eeb59a7f2c?utm_source=Oztix&utm_medium=Website&utm_content=search&utm_term=Max Watt's Melbourne
The Beths ‚Äì Australia 2024,2024-03-07,Corner Hotel,https://tickets.cornerhotel.com/outlet/event/41229b36-cef4-4337-aeb9-07b4ca9facb3?utm_source=Oztix&utm_medium=Website&utm_content=search&utm_term=Corner Hotel
Cam Cole (UK),2024-03-07,Northcote Social Club,https://tickets.northcotesocialclub.com/outlet/event/0e379854-334b-414d-93f9-3cd1d6e4177d?utm_source=Oztix&utm_medium=Website&utm_content=search&utm_term=Northcote Social Club
Ondara (USA),2024-03-08,Northcote Social Club,https://tickets.northcotesocialclub.com/outlet/event/48b77c3b-b654-4e8a-aeab-16c7d6eacf4c?utm_source=Oztix&utm_medium=Website&utm_content=search&utm_term=Northcote Social Club
WILSN,2024-03-08,The Night Cat,https://www.moshtix.com.au/v2/event/wilsn/159642
FIVE (UK) + Sister2Sister + DJ Levins,2024-03-08,170 Russell,https://www.moshtix.com.au/v2/event/five-uk-sister2sister-dj-levins/156092
Terra Rouge ‚ÄòSo Fucking Over It Tour,2024-03-08,The Toff in Town,https://www.moshtix.com.au/v2/event/terra-rouge-‚Äòso-fucking-over-it-tour/161096
Fred again.. Appreciation Night - Melbourne,2024-03-08,Max Watt's Melbourne,https://tickets.oztix.com.au/outlet/event/c2ad3958-7f8e-436c-aca2-5b50294ddc45?utm_source=Oztix&utm_medium=Website&utm_content=search&utm_term=Max Watt's Melbourne
FROM THE JAM (UK) - The Final Tour: The Greatest Hits,2024-03-08,Northcote Theatre,https://www.moshtix.com.au/v2/event/from-the-jam-uk-the-final-tour-the-greatest-hits/158471
Boris + Kiyoharu (Japan),2024-03-08,Corner Hotel,https://feelpresents.oztix.com.au/outlet/event/c6cd3620-352a-4bd9-93ae-db9e53229180?utm_source=Oztix&utm_medium=Website&utm_content=search&utm_term=Corner Hotel
"Black Country, New Road",2024-03-08,Forum Melbourne,/shows/show.aspx?sh=BCNR24&v=FRM
Morcheeba,2024-03-09,Forum Melbourne,/shows/show.aspx?sh=MORCHEEB24&v=FRM
Saliah,2024-03-09,The Night Cat,https://www.moshtix.com.au/v2/event/saliah/162133
SANGUISUGABOGG (USA) + DISENTOMB,2024-03-09,Max Watt's Melbourne,https://tickets.oztix.com.au/outlet/event/3f6ed5a5-000a-4988-a50b-768addd507ef?utm_source=Oztix&utm_medium=Website&utm_content=search&utm_term=Max Watt's Melbourne
ABSORB(ED) III,2024-03-09,Miscellania,https://events.humanitix.com/absorb-ed-iii
SEASIDE ‚Äì WISHBONE EP TOUR,2024-03-09,The Workers Club,https://tickets.oztix.com.au/outlet/event/4eeb5a3d-217a-4db6-8133-82e2f5c452fb?utm_source=Oztix&utm_medium=Website&utm_content=search&utm_term=The Workers Club
Teenage Fanclub,2024-03-09,Croxton Bandroom,https://tickets.oztix.com.au/outlet/event/0bd0b851-42c6-404a-8bc3-dbb66afe8fd9?utm_source=Oztix&utm_medium=Website&utm_content=search&utm_term=Croxton Bandroom
Deadly Dancehall,2024-03-09,Howler,https://www.moshtix.com.au/v2/event/deadly-dancehall/162210
1927 + Boom Crash Opera,2024-03-09,Corner Hotel,https://tickets.cornerhotel.com/outlet/event/bf9dece9-70c6-4917-a9dd-5e6006d630e6?utm_source=Oztix&utm_medium=Website&utm_content=search&utm_term=Corner Hotel
MESS X BMF Present: New Waveforms,2024-03-10,Howler,https://www.moshtix.com.au/v2/event/mess-x-bmf-present-new-waveforms/161615
Hands Like Houses | The TROPO Tour,2024-03-10,Max Watt's Melbourne,https://tickets.oztix.com.au/outlet/event/623527a3-601e-4fe9-9409-6962fc705677?utm_source=Oztix&utm_medium=Website&utm_content=search&utm_term=Max Watt's Melbourne
DA TWEEKAZ (Norway) - Melbourne Show,2024-03-10,170 Russell,https://www.moshtix.com.au/v2/event/da-tweekaz-norway-melbourne-show/162242
Yours Truly (‚ÄòCall My Name‚Äô Tour),2024-03-10,Northcote Social Club,https://tickets.northcotesocialclub.com/outlet/event/2ee52e03-eb41-4138-875c-b04d9914bffa?utm_source=Oztix&utm_medium=Website&utm_content=search&utm_term=Northcote Social Club
NIK KERSHAW (UK) & GO WEST (UK),2024-03-10,Northcote Theatre,https://www.moshtix.com.au/v2/event/nik-kershaw-uk-go-west-uk/159078
"BLACK COUNTRY, NEW ROAD (UK)",2024-03-11,Northcote Theatre,https://www.moshtix.com.au/v2/event/black-country-new-road-uk/158888
Jos√© Gonz√°lez,2024-03-11,Forum Melbourne,/shows/show.aspx?sh=JOSEGON24&v=FRM
Airplane! (Film Screening),2024-03-12,Northcote Social Club,https://tickets.northcotesocialclub.com/outlet/event/d498ab60-00f5-4a7a-9659-9b90b0d7e9f6?utm_source=Oztix&utm_medium=Website&utm_content=search&utm_term=Northcote Social Club
NUMINOUS X ASINTADA - Australian Tour 2024,2024-03-12,Northcote Theatre,https://www.moshtix.com.au/v2/event/numinous-x-asintada-australian-tour-2024/160828
MAVI,2024-03-12,The Night Cat,https://www.moshtix.com.au/v2/event/mavi/161078
RAW Comedy 2024 - Vic Semi Final #2,2024-03-13,Howler,https://www.moshtix.com.au/v2/event/raw-comedy-2024-vic-semi-final-2/160498
Chris Young,2024-03-13,Forum Melbourne,/shows/show.aspx?sh=CHRISYOU24&v=FRM
Charlotte Adig√©ry & Bolis Pupul (BEL),2024-03-13,The Night Cat,https://www.moshtix.com.au/v2/event/charlotte-adigery-bolis-pupul-bel/158730
VALLIS ALPS,2024-03-13,170 Russell,https://www.moshtix.com.au/v2/event/vallis-alps/160217
Janine,2024-03-14,Northcote Social Club,https://tickets.northcotesocialclub.com/outlet/event/4f3a6b4f-504d-453d-8187-07062efdc1f0?utm_source=Oztix&utm_medium=Website&utm_content=search&utm_term=Northcote Social Club
"CHANGMO, PAUL BLANCO, KEEM HYOEUN (Sth Korea)",2024-03-14,170 Russell,https://www.moshtix.com.au/v2/event/changmo-paul-blanco-keem-hyoeun-sth-korea/161227
"SIR ARCHER - ""Hit N' Run"" Tour w/ Kaitlin Keegan and Alex Weybury",2024-03-14,Gasometer Downstairs,https://tickets.oztix.com.au/outlet/event/f8a904d1-bb5d-4d99-83d2-f9cb52057211?utm_source=Oztix&utm_medium=Website&utm_content=search&utm_term=Gasometer Downstairs
Mia Dyson,2024-03-15,Corner Hotel,https://tickets.cornerhotel.com/outlet/event/7d7b0058-885e-409a-99ee-8fec31fc8233?utm_source=Oztix&utm_medium=Website&utm_content=search&utm_term=Corner Hotel
VILLE VALO (FIN) - Neon Noir Tour 2024,2024-03-15,Northcote Theatre,https://www.moshtix.com.au/v2/event/ville-valo-fin-neon-noir-tour-2024/155675
Machine Head,2024-03-15,Forum Melbourne,/shows/show.aspx?sh=MACHINEH24&v=FRM
ALEX MATHER THE LONG WAY HOME TOUR (MELB),2024-03-15,Kindred Bandroom,https://www.moshtix.com.au/v2/event/alex-mather-the-long-way-home-tour-melb/161405
SONS OF THE EAST - Australian Tour,2024-03-15,170 Russell,https://www.moshtix.com.au/v2/event/sons-of-the-east-australian-tour/159123
PLINI,2024-03-15,Max Watt's Melbourne,https://tickets.oztix.com.au/outlet/event/e6322e31-54cd-4030-aa07-9d0e0c14790d?utm_source=Oztix&utm_medium=Website&utm_content=search&utm_term=Max Watt's Melbourne
FULL FLOWER MOON BAND | WEST SIDE SINGLE TOUR,2024-03-15,Northcote Social Club,https://tickets.northcotesocialclub.com/outlet/event/30b6825d-f375-4edf-908a-3742c8b28141?utm_source=Oztix&utm_medium=Website&utm_content=search&utm_term=Northcote Social Club
Pomaa ‚ÄòBridge To Somewhere‚Äô EP Launch,2024-03-16,Gasometer (Upstairs),https://tickets.oztix.com.au/outlet/event/c87b088d-c758-447c-9639-4fce43884c23?utm_source=Oztix&utm_medium=Website&utm_content=search&utm_term=Gasometer (Upstairs)
ENDOVIT Fest,2024-03-16,Gasometer Downstairs,https://tickets.oztix.com.au/outlet/event/9bb378b0-b3c6-42da-b648-8c853ec675d6?utm_source=Oztix&utm_medium=Website&utm_content=search&utm_term=Gasometer Downstairs
High School Musical - Melbourne,2024-03-16,Max Watt's Melbourne,https://tickets.oztix.com.au/outlet/event/ee5e7e45-aa2f-4a5d-a221-a4aea15c05fe?utm_source=Oztix&utm_medium=Website&utm_content=search&utm_term=Max Watt's Melbourne
HORNS OF LEROY ALBUM LAUNCH,2024-03-16,Howler,https://www.moshtix.com.au/v2/event/horns-of-leroy-album-launch/161306
FRISK - A Seductive Pole Show,2024-03-17,Northcote Theatre,https://www.moshtix.com.au/v2/event/frisk-a-seductive-pole-show/161157
Cherry Poppers Showcase,2024-03-17,Max Watt's Melbourne,https://tickets.oztix.com.au/outlet/event/b8cbe2b7-a4e2-445d-985e-64b0aec7c5c6?utm_source=Oztix&utm_medium=Website&utm_content=search&utm_term=Max Watt's Melbourne
Wilco,2024-03-17,Forum Melbourne,/shows/show.aspx?sh=WILCO24&v=FRM
Oliver Cronin (ALL AGES),2024-03-17,Gasometer Downstairs,https://tickets.oztix.com.au/outlet/event/e39bc6b3-9804-4eb4-8d6c-2619fbb37b5e?utm_source=Oztix&utm_medium=Website&utm_content=search&utm_term=Gasometer Downstairs
The Hu Knotfest Sideshow,2024-03-19,Croxton Bandroom,https://tickets.oztix.com.au/outlet/event/26f28069-db86-48cc-8776-f64e6a3e7594?utm_source=Oztix&utm_medium=Website&utm_content=search&utm_term=Croxton Bandroom
Asking Alexandria & Wage War Knotfest Sideshow,2024-03-20,Max Watt's Melbourne,https://tickets.oztix.com.au/outlet/event/bf8e5e7e-2605-4e65-b67a-ece846787da9?utm_source=Oztix&utm_medium=Website&utm_content=search&utm_term=Max Watt's Melbourne
LAMB OF GOD (USA),2024-03-20,Northcote Theatre,https://www.moshtix.com.au/v2/event/lamb-of-god-usa/161906
RIYAN 'NO PLACE LIKE HOME',2024-03-20,The Toff in Town,https://www.moshtix.com.au/v2/event/riyan-no-place-like-home/161868
MYSTERYSHACK's JUPITER + PILOT LAUNCH,2024-03-21,Gasometer (Upstairs),https://tickets.oztix.com.au/outlet/event/8e901d9f-dcc3-499c-99dd-ce3ce6cf5dd7?utm_source=Oztix&utm_medium=Website&utm_content=search&utm_term=Gasometer (Upstairs)
Loscil + Lawrence English With Amby Downs,2024-03-21,Miscellania,https://events.humanitix.com/loscil-lawrence-english-with-amby-downs
RAW Comedy 2024 - Final,2024-03-21,Howler,https://www.moshtix.com.au/v2/event/raw-comedy-2024-final/160500
Psychedelic Porn Crumpets,2024-03-21,The Night Cat,https://www.moshtix.com.au/v2/event/psychedelic-porn-crumpets/159331
Le Shiv - New World Colour Tour (Melbourne),2024-03-22,Gasometer Downstairs,https://tickets.oztix.com.au/outlet/event/18272379-40b8-4ca3-8981-5e654a59954a?utm_source=Oztix&utm_medium=Website&utm_content=search&utm_term=Gasometer Downstairs
Jack Botts Australian Summer Tour with special guests Jordy Maxwell & Janie Gordon,2024-03-22,Howler,https://www.moshtix.com.au/v2/event/jack-botts-australian-summer-tour-with-special-guests-jordy-maxwell-janie-gordo/160312
Conrad Sewell,2024-03-23,Howler,https://www.moshtix.com.au/v2/event/conrad-sewell/159238
QUEEN OF SOUL - CELEBRATING ARETHA FRANKLIN,2024-03-23,The Toff in Town,https://www.moshtix.com.au/v2/event/queen-of-soul-celebrating-aretha-franklin/161696
Mali Jose,2024-03-24,Gasometer (Upstairs),https://tickets.oztix.com.au/outlet/event/5f3e3009-b543-40a5-9089-130eed55802e?utm_source=Oztix&utm_medium=Website&utm_content=search&utm_term=Gasometer (Upstairs)
Snarky Puppy,2024-03-25,Forum Melbourne,/shows/show.aspx?sh=SNARKPUP24&v=FRM
SMINO (USA),2024-03-26,170 Russell,https://www.moshtix.com.au/v2/event/smino-usa/161158
PJ MORTON (USA),2024-03-27,170 Russell,https://www.moshtix.com.au/v2/event/pj-morton-usa/159748
D√âJ√ÄVU - MELBOURNE,2024-03-29,170 Russell,https://www.moshtix.com.au/v2/event/dejavu-melbourne/160639
Brant Bjork Trio + Full Tone Generator,2024-03-30,Gasometer Downstairs,https://tickets.oztix.com.au/outlet/event/a5b32e45-b883-449b-ba46-4ba110102445?utm_source=Oztix&utm_medium=Website&utm_content=search&utm_term=Gasometer Downstairs
Sophisticated Dingo - I Don‚Äôt Mind Tour,2024-03-30,Gasometer (Upstairs),https://tickets.oztix.com.au/outlet/event/626c88f0-6cd4-46ad-ad0e-ba45a313297d?utm_source=Oztix&utm_medium=Website&utm_content=search&utm_term=Gasometer (Upstairs)
Filter (USA),2024-04-05,Croxton Bandroom,https://tickets.oztix.com.au/outlet/event/546982f3-9aeb-4211-8922-41db6d15afa8?utm_source=Oztix&utm_medium=Website&utm_content=search&utm_term=Croxton Bandroom
CLOWNS - 'ENDLESS' ALBUM LAUNCH,2024-04-05,170 Russell,https://www.moshtix.com.au/v2/event/clowns-endless-album-launch/154645
(ALL AGES) Team Glasses Records Presents: World Peace (USA) & Cell Rot (USA) East Coast Tour of Australia with Histamine,2024-04-06,Gasometer Downstairs,https://tickets.oztix.com.au/outlet/event/6ce9c5ce-9bb9-4953-a0b2-282a5a6c996a?utm_source=Oztix&utm_medium=Website&utm_content=search&utm_term=Gasometer Downstairs
WE LOST THE SEA ‚Äì Live in Concert,2024-04-06,Howler,https://www.moshtix.com.au/v2/event/we-lost-the-sea-‚Äì-live-in-concert/162307
LULUC 'Diamonds' ALBUM LAUNCH - EVENT RESCHEDULED,2024-04-11,Howler,https://www.moshtix.com.au/v2/event/luluc-diamonds-album-launch-event-rescheduled/159525
THE BLACK SEEDS (NZ) + KORA (NZ),2024-04-11,170 Russell,https://www.moshtix.com.au/v2/event/the-black-seeds-nz-kora-nz/161797
"CONTAMINATED - ""Celebratory Beheading"" album launch",2024-04-12,Gasometer Downstairs,https://tickets.oztix.com.au/outlet/event/6bff0f05-beb9-4c31-8363-8da4bdbd8702?utm_source=Oztix&utm_medium=Website&utm_content=search&utm_term=Gasometer Downstairs
Orange Goblin,2024-04-13,Croxton Bandroom,https://tickets.oztix.com.au/outlet/event/729ab767-2ae8-4004-ade3-9a5efdb0a9ef?utm_source=Oztix&utm_medium=Website&utm_content=search&utm_term=Croxton Bandroom
Ra Ra Viper,2024-04-13,Gasometer Downstairs,https://tickets.oztix.com.au/outlet/event/2817f0e9-8342-424c-97e4-48de7c954329?utm_source=Oztix&utm_medium=Website&utm_content=search&utm_term=Gasometer Downstairs
NORTHCOTE THEATRE RECORD FAIR,2024-04-14,Northcote Theatre,https://www.moshtix.com.au/v2/event/northcote-theatre-record-fair/162374
FRANK CARTER & THE RATTLESNAKES,2024-04-19,170 Russell,https://www.moshtix.com.au/v2/event/frank-carter-the-rattlesnakes/157665
FORWARD EVER #5,2024-04-20,Croxton Bandroom,https://tickets.oztix.com.au/outlet/event/18bc46b4-bfad-46d3-9936-140521d78152?utm_source=Oztix&utm_medium=Website&utm_content=search&utm_term=Croxton Bandroom
"Black Box, Technotronic & N-Trance",2024-04-24,Forum Melbourne,/shows/show.aspx?sh=BLACKBOX24&v=FRM
Holy Holy,2024-04-26,Forum Melbourne,/shows/show.aspx?sh=HOLYHOL24&v=FRM
JOEL LEGGETT 'CUP OF TEA TOUR',2024-04-27,The Toff in Town,https://www.moshtix.com.au/v2/event/joel-leggett-cup-of-tea-tour/161866
The Dandy Warhols,2024-04-28,Forum Melbourne,/shows/show.aspx?sh=DANDYWAR24&v=FRM
Lanƒô Solo Show,2024-05-01,The Toff in Town,https://www.moshtix.com.au/v2/event/lane-solo-show/161328
GZA + THE PHUNKY NOMADS,2024-05-03,170 Russell,https://www.moshtix.com.au/v2/event/gza-the-phunky-nomads/162068
TesseracT 'War of Being' Australian Tour,2024-05-04,Croxton Bandroom,https://tickets.oztix.com.au/outlet/event/ed558dac-34ce-45a5-99ff-033840dbdb82?utm_source=Oztix&utm_medium=Website&utm_content=search&utm_term=Croxton Bandroom
"TesseracT - ""War of Being"" Australian Tour",2024-05-05,Croxton Bandroom,https://tickets.oztix.com.au/outlet/event/f1293820-9c51-4bf5-9c35-898d333d2465?utm_source=Oztix&utm_medium=Website&utm_content=search&utm_term=Croxton Bandroom
THE WHITLAMS BLACK STUMP - KOOKABURRA 2024 ALBUM LAUNCH TOUR,2024-05-10,Kindred Bandroom,https://www.moshtix.com.au/v2/event/the-whitlams-black-stump-kookaburra-2024-album-launch-tour/162000
Melissa Etheridge,2024-05-15,Forum Melbourne,/shows/show.aspx?sh=MELETH24&v=FRM
SPARTA (USA) perform 'Wiretap Scars‚Äô in Full,2024-05-18,Croxton Bandroom,https://tickets.oztix.com.au/outlet/event/8d45ddfd-be56-4543-bc04-1629a66cb53c?utm_source=Oztix&utm_medium=Website&utm_content=search&utm_term=Croxton Bandroom
The Hold Steady Boys and Girls Down Under Weekender,2024-05-24,Croxton Bandroom,https://tickets.oztix.com.au/outlet/event/aef11759-2db0-44b4-97c4-ba720dba9ca3?utm_source=Oztix&utm_medium=Website&utm_content=search&utm_term=Croxton Bandroom
PSEUDO ECHO - MACHINE Tour 2024,2024-05-24,170 Russell,https://www.moshtix.com.au/v2/event/pseudo-echo-machine-tour-2024/160417
The Hold Steady Boys and Girls Down Under Weekender,2024-05-25,Croxton Bandroom,https://tickets.oztix.com.au/outlet/event/bb8f2fa7-5239-426e-8992-709d9aa9b0cf?utm_source=Oztix&utm_medium=Website&utm_content=search&utm_term=Croxton Bandroom
Peter Hook & The Light,2024-05-26,Forum Melbourne,/shows/show.aspx?sh=PETEHOOK24&v=FRM
TOM GRENNAN,2024-05-30,170 Russell,https://www.moshtix.com.au/v2/event/tom-grennan/161993
ROY WOODS (CAN) - ME & U Tour,2024-06-02,170 Russell,https://www.moshtix.com.au/v2/event/roy-woods-can-me-u-tour/160223
Unleash The Archers,2024-06-07,Croxton Bandroom,https://tickets.oztix.com.au/outlet/event/45211719-3989-4084-aad0-c1553989a113?utm_source=Oztix&utm_medium=Website&utm_content=search&utm_term=Croxton Bandroom
Donny Benet Infinite Desires Album Tour,2024-06-08,Croxton Bandroom,https://tickets.oztix.com.au/outlet/event/71265ab2-64f3-454e-ae7b-3f09fcfbf772?utm_source=Oztix&utm_medium=Website&utm_content=search&utm_term=Croxton Bandroom
Radio Birdman - Birdman Five-0,2024-06-21,Croxton Bandroom,https://tickets.oztix.com.au/outlet/event/8bbe45fa-a146-4d23-a074-690990c0ae8e?utm_source=Oztix&utm_medium=Website&utm_content=search&utm_term=Croxton Bandroom
Radio Birdman - Birdman Five-0,2024-06-22,Croxton Bandroom,https://tickets.oztix.com.au/outlet/event/d17a49bd-cce6-4fd0-a0a4-f7d91286ac3f?utm_source=Oztix&utm_medium=Website&utm_content=search&utm_term=Croxton Bandroom
ELENA GABRIELLE - OK!?,2024-06-28,The Toff in Town,https://www.moshtix.com.au/v2/event/elena-gabrielle-ok/161744
The High Kings (Ireland),2024-06-28,Forum Melbourne,/shows/show.aspx?sh=HIGHKING24&v=FRM
VOYAGER - FEARLESS IN LOVE TOUR,2024-07-05,170 Russell,https://www.moshtix.com.au/v2/event/voyager-fearless-in-love-tour/156166
Dayseeker,2024-07-13,Forum Melbourne,/shows/show.aspx?sh=DAYSEEK24&v=FRM
Hugh Cornwell (UK),2024-08-03,Croxton Bandroom,https://tickets.oztix.com.au/outlet/event/03ae33c6-df6d-4b45-a84e-2d429c3151b2?utm_source=Oztix&utm_medium=Website&utm_content=search&utm_term=Croxton Bandroom
Rat Fest,2024-08-23,Gasometer Downstairs,https://tickets.oztix.com.au/outlet/event/941f2069-2a24-4c38-aaa5-ad63a82a2bed?utm_source=Oztix&utm_medium=Website&utm_content=search&utm_term=Gasometer Downstairs
POSTPONED - Rose Bassett,2024-10-07,Gasometer (Upstairs),https://tickets.oztix.com.au/outlet/event/0c7707ed-0102-4886-949a-4777fe7489cf?utm_source=Oztix&utm_medium=Website&utm_content=search&utm_term=Gasometer (Upstairs)
They Might Be Giants,2024-10-11,Forum Melbourne,/shows/show.aspx?sh=TMBG23&v=FRM
Still Out Of Order Fest 2,2024-11-09,Gasometer Downstairs,https://tickets.oztix.com.au/outlet/event/7094031c-846d-4982-ba7d-acdc71c3f2bc?utm_source=Oztix&utm_medium=Website&utm_content=search&utm_term=Gasometer Downstairs
POSTPONED - Casey Lowry (UK),2024-12-14,Gasometer Downstairs,https://tickets.oztix.com.au/outlet/event/f5343161-79ae-45cf-9462-61d5dbf3d170?utm_source=Oztix&utm_medium=Website&utm_content=search&utm_term=Gasometer Downstairs
